Epoch,train_loss,train_acc,train_f1,train_precision,train_recall,valid_loss,valid_acc,valid_f1,valid_precision,valid_recall,eval_confmat
1,0.6272006222135343,0.638553250641574,0.6280505315898814,0.6975780581693608,0.638553250641574,0.4954428848753417,0.8056801195814649,0.6829026977009046,0.7111360239162923,0.6815520677628293,"[[186, 158], [362, 1967]]"
2,0.5505931157534313,0.7297369546621043,0.7251140575990866,0.7920141859138653,0.7297369546621043,0.7122695400575886,0.6352765321375187,0.5109331625026682,0.6020802192326856,0.5069133034379674,"[[285, 59], [917, 1412]]"
3,0.5395368413451559,0.7457495722840034,0.7427889119719747,0.8076726012260966,0.7457495722840034,0.5744519411002931,0.749626307922272,0.6229340166559901,0.6766317887394119,0.6147234678624808,"[[246, 98], [572, 1757]]"
4,0.5326649329793967,0.7487970487596236,0.7465370279848463,0.8103391431422672,0.7487970487596236,0.42831668557574126,0.8310911808669657,0.7093814506370572,0.7334329845540603,0.7100149476831082,"[[194, 150], [302, 2027]]"
5,0.5256014865493661,0.7553197177074422,0.753908509511587,0.8179155082691554,0.7553197177074422,0.5790421651350544,0.7384155455904334,0.6153249341590149,0.6741405082212255,0.6070004982561031,"[[251, 93], [607, 1722]]"
6,0.5209975181945334,0.758286997433704,0.7579601002077494,0.8219231180495928,0.758286997433704,0.5313690282816488,0.7675635276532138,0.6414050822122571,0.6893996013951168,0.635338814150473,"[[233, 111], [511, 1818]]"
7,0.51743668085482,0.7603721129170231,0.7606577661004496,0.8242688729683287,0.7603721129170231,0.5139375593017659,0.7776532137518685,0.6546231048473203,0.6994892874937716,0.6492899850523163,"[[228, 116], [479, 1850]]"
8,0.5160076695685956,0.7606127031650983,0.7595406126522455,0.8214374821784781,0.7606127031650983,0.5296966577413728,0.7686846038863976,0.6435547014022351,0.6910812157448926,0.6375186846038859,"[[232, 112], [507, 1822]]"
